timestamp,log level,message
2026-02-09 13:09:34,ERROR,Disk space low
2026-02-09 12:53:03,WARNING,Invalid credentials
2026-02-09 13:29:40,WARNING,Database connection failed
2026-02-09 13:29:57,WARNING,Invalid credentials
2026-02-09 12:54:58,ERROR,Invalid credentials
2026-02-09 13:12:58,WARNING,Database connection failed
2026-02-09 13:38:50,ERROR,User logged in
2026-02-09 13:46:28,WARNING,Database connection failed
2026-02-09 13:18:00,WARNING,User logged in
2026-02-09 13:12:55,WARNING,Database connection failed
2026-02-09 13:43:02,ERROR,User logged in
2026-02-09 12:47:36,ERROR,Invalid credentials
2026-02-09 13:07:35,ERROR,Service started
2026-02-09 13:05:18,ERROR,Service started
2026-02-09 12:36:03,ERROR,User logged in
2026-02-09 13:39:16,ERROR,Service started
2026-02-09 13:14:42,ERROR,User logged in
2026-02-09 13:39:10,ERROR,Invalid credentials
2026-02-09 13:48:09,WARNING,Disk space low
2026-02-09 12:45:31,ERROR,Service started
2026-02-09 13:08:13,ERROR,User logged in
2026-02-09 12:36:20,WARNING,Service started
2026-02-09 13:09:51,WARNING,Service started
2026-02-09 13:37:19,ERROR,User logged in
2026-02-09 13:21:08,WARNING,Database connection failed
2026-02-09 12:36:11,ERROR,Invalid credentials
2026-02-09 13:12:30,WARNING,User logged in
2026-02-09 13:29:07,ERROR,Disk space low
2026-02-09 13:18:59,WARNING,Disk space low
2026-02-09 13:29:02,ERROR,Database connection failed
2026-02-09 12:40:45,WARNING,Database connection failed
2026-02-09 13:32:41,ERROR,Disk space low
2026-02-09 12:40:35,ERROR,Disk space low
2026-02-09 12:37:28,WARNING,Disk space low
2026-02-09 12:42:03,WARNING,Invalid credentials
2026-02-09 13:12:18,ERROR,Database connection failed
2026-02-09 13:32:23,WARNING,Invalid credentials
2026-02-09 13:10:40,ERROR,Invalid credentials
2026-02-09 12:50:07,ERROR,Invalid credentials
2026-02-09 13:16:18,WARNING,Service started
2026-02-09 13:45:11,WARNING,Disk space low
2026-02-09 13:21:22,ERROR,Database connection failed
2026-02-09 13:32:18,WARNING,User logged in
2026-02-09 12:40:54,WARNING,Database connection failed
